{
  "contents": [
    {
      "id": "v6l",
      "script": "\"상품평가결과-자동통보\"",
      "parameters": {},
      "title": "Process",
      "comment": "",
      "next": "j4y",
      "except": {
        "method": "none",
        "param": ""
      },
      "command": "BuiltIn/Process"
    },
    {
      "id": "j4y",
      "script": "ExecuteOther()",
      "parameters": {
        "path": "t00000002"
      },
      "title": "상품평가결과_자동통보",
      "comment": "",
      "next": "end",
      "except": {
        "method": "none",
        "param": ""
      },
      "command": "BuiltIn/Predefined Process"
    }
  ],
  "packages": [
    "__BuiltIn__"
  ]
}