{
  "contents": [
    {
      "id": "LEG",
      "script": " \"CS실적-보고서\"",
      "parameters": {},
      "title": "Process",
      "comment": "",
      "next": "text_0",
      "except": {
        "method": "none",
        "param": ""
      },
      "command": "BuiltIn/Process"
    },
    {
      "id": "text_0",
      "script": "FILE.ReadAllTextFromFile()",
      "parameters": {
        "path": "CS실적.txt",
        "encoding": "utf-8"
      },
      "title": "Read Text",
      "comment": "",
      "next": "date_0",
      "except": {
        "method": "none",
        "param": ""
      },
      "command": "FILE/Read Text"
    },
    {
      "id": "append_0",
      "script": "FILE.WriteTextFile()",
      "parameters": {
        "text": "{{text_0}}",
        "path": "{{'C:\\\\Temp\\\\CS실적보고서'+date_0+'.txt'}}",
        "encoding": "utf-8"
      },
      "title": "WriteTextFile",
      "comment": "",
      "next": "end",
      "except": {
        "method": "none",
        "param": ""
      },
      "command": "FILE/WriteTextFile"
    },
    {
      "id": "date_0",
      "script": "DATETIME.Today()",
      "parameters": {
        "Format": "%Y-%m-%d %H-%M",
        "Year": "0",
        "Month": "0",
        "Day": "0",
        "Hour": "0",
        "Minute": "0"
      },
      "title": "Today",
      "comment": "",
      "next": "append_0",
      "except": {
        "method": "none",
        "param": ""
      },
      "command": "COMMON/Today"
    }
  ],
  "packages": [
    "__BuiltIn__",
    "FILE",
    "DATETIME"
  ]
}