{
  "contents": [
    {
      "id": "PWT",
      "script": " \"온라인 심의\"",
      "parameters": {},
      "title": "Process",
      "comment": "",
      "next": "QgX",
      "except": {
        "method": "none",
        "param": ""
      },
      "command": "BuiltIn/Process"
    },
    {
      "id": "QgX",
      "script": "ExecuteOther()",
      "parameters": {
        "path": "t00000002"
      },
      "title": "온라인_심의",
      "comment": "",
      "next": "end",
      "except": {
        "method": "none",
        "param": ""
      },
      "command": "BuiltIn/Predefined Process"
    }
  ],
  "packages": [
    "__BuiltIn__"
  ]
}