{
  "contents": [
    {
      "id": "Bz6",
      "script": " \"물류-입출고자료-취합\"",
      "parameters": {},
      "title": "Process",
      "comment": "",
      "next": "4pW",
      "except": {
        "method": "none",
        "param": ""
      },
      "command": "BuiltIn/Process"
    },
    {
      "id": "4pW",
      "script": "ExecuteOther()",
      "parameters": {
        "path": "t00000002"
      },
      "title": "물류-입출고자료_취합",
      "comment": "",
      "next": "end",
      "except": {
        "method": "none",
        "param": ""
      },
      "command": "BuiltIn/Predefined Process"
    }
  ],
  "packages": [
    "__BuiltIn__"
  ]
}